opcode_hex,mnemonic,operand_form,bytes,flow_kind
00,NOP,NOP,1,
01,RAL,RAL,1,
02,S,S,1,
03,TAE,TAE,1,
04,SPB,SPB  0,1,
05,SPB,SPB  1,1,
06,SPB,SPB  2,1,
07,SPB,SPB  3,1,
08,SMB,SMB  0,1,
09,SMB,SMB  1,1,
0A,SMB,SMB  2,1,
0B,SMB,SMB  3,1,
0C,IP,IP,1,
0D,XAE,XAE,1,
0E,INC,INC,1,
0F,DEC,DEC,1,
10,RFB,RFB  0,1,
11,RFB,RFB  1,1,
12,RFB,RFB  2,1,
13,RFB,RFB  3,1,
14,RFB,RFB  4,1,
15,RFB,RFB  5,1,
16,RFB,RFB  6,1,
17,RFB,RFB  7,1,
18,RFB,RFB  8,1,
19,RFB,RFB  9,1,
1A,RFB,RFB  10,1,
1B,RFB,RFB  11,1,
1C,RFB,RFB  12,1,
1D,RFB,RFB  13,1,
1E,RFB,RFB  14,1,
1F,RFB,RFB  15,1,
20,ADC,ADC,1,
21,L,L,1,
22,RTI,RTI,1,ret
23,XAH,XAH,1,
24,RPB,RPB  0,1,
25,RPB,RPB  1,1,
26,RPB,RPB  2,1,
27,RPB,RPB  3,1,
28,RMB,RMB  0,1,
29,RMB,RMB  1,1,
2A,RMB,RMB  2,1,
2B,RMB,RMB  3,1,
2C,CI/CLI/SCTL/RCTL,"prefix: 2nd byte 4n=CI #n, 5n=CLI #n, 8n=SCTL n, 9n=RCTL n",2,prefix
2D,-,undefined,0,
2E,INM,INM,1,
2F,DEM,DEM,1,
30,BNA0,BNA0,2,br
31,BNA1,BNA1,2,br
32,BNA2,BNA2,2,br
33,BNA3,BNA3,2,br
34,BNM0,BNM0,2,br
35,BNM1,BNM1,2,br
36,BNM2,BNM2,2,br
37,BNM3,BNM3,2,br
38,BNP0,BNP0,2,br
39,BNP1,BNP1,2,br
3A,BNP2,BNP2,2,br
3B,BNP3,BNP3,2,br
3C,BNTM,BNTM,2,br
3D,BNI,BNI,2,br
3E,BNZ,BNZ,2,br
3F,BNC,BNC,2,br
40,LHI,LHI  #0,1,
41,LHI,LHI  #1,1,
42,LHI,LHI  #2,1,
43,LHI,LHI  #3,1,
44,LHI,LHI  #4,1,
45,LHI,LHI  #5,1,
46,LHI,LHI  #6,1,
47,LHI,LHI  #7,1,
48,LHI,LHI  #8,1,
49,LHI,LHI  #9,1,
4A,LHI,LHI  #10,1,
4B,LHI,LHI  #11,1,
4C,LHI,LHI  #12,1,
4D,LHI,LHI  #13,1,
4E,LHI,LHI  #14,1,
4F,LHI,LHI  #15,1,
50,SFB,SFB  0,1,
51,SFB,SFB  1,1,
52,SFB,SFB  2,1,
53,SFB,SFB  3,1,
54,SFB,SFB  4,1,
55,SFB,SFB  5,1,
56,SFB,SFB  6,1,
57,SFB,SFB  7,1,
58,SFB,SFB  8,1,
59,SFB,SFB  9,1,
5A,SFB,SFB  10,1,
5B,SFB,SFB  11,1,
5C,SFB,SFB  12,1,
5D,SFB,SFB  13,1,
5E,SFB,SFB  14,1,
5F,SFB,SFB  15,1,
60,AD,AD,1,
61,OP,OP,1,
62,RT,RT,1,ret
63,RTBL,RTBL,1,
64,SB,SB   0,1,
65,SB,SB   1,1,
66,SB,SB   2,1,
67,SB,SB   3,1,
68,JMP,JMP,2,jmp
69,JMP,JMP,2,jmp
6A,JMP,JMP,2,jmp
6B,JMP,JMP,2,jmp
6C,JMP,JMP,2,jmp
6D,JMP,JMP,2,jmp
6E,JMP,JMP,2,jmp
6F,JMP,JMP,2,jmp
70,BA0,BA0,2,br
71,BA1,BA1,2,br
72,BA2,BA2,2,br
73,BA3,BA3,2,br
74,BM0,BM0,2,br
75,BM1,BM1,2,br
76,BM2,BM2,2,br
77,BM3,BM3,2,br
78,BP0,BP0,2,br
79,BP1,BP1,2,br
7A,BP2,BP2,2,br
7B,BP3,BP3,2,br
7C,BTM,BTM,2,br
7D,BI,BI,2,br
7E,BZ,BZ,2,br
7F,BC,BC,2,br
80,LDZ,LDZ  #0,1,
81,LDZ,LDZ  #1,1,
82,LDZ,LDZ  #2,1,
83,LDZ,LDZ  #3,1,
84,LDZ,LDZ  #4,1,
85,LDZ,LDZ  #5,1,
86,LDZ,LDZ  #6,1,
87,LDZ,LDZ  #7,1,
88,LDZ,LDZ  #8,1,
89,LDZ,LDZ  #9,1,
8A,LDZ,LDZ  #10,1,
8B,LDZ,LDZ  #11,1,
8C,LDZ,LDZ  #12,1,
8D,LDZ,LDZ  #13,1,
8E,LDZ,LDZ  #14,1,
8F,LDZ,LDZ  #15,1,
90,BNF0,BNF0 ,2,br
91,BNF1,BNF1 ,2,br
92,BNF2,BNF2 ,2,br
93,BNF3,BNF3 ,2,br
94,BNF4,BNF4 ,2,br
95,BNF5,BNF5 ,2,br
96,BNF6,BNF6 ,2,br
97,BNF7,BNF7 ,2,br
98,BNF8,BNF8 ,2,br
99,BNF9,BNF9 ,2,br
9A,BNF10,BNF10,2,br
9B,BNF11,BNF11,2,br
9C,BNF12,BNF12,2,br
9D,BNF13,BNF13,2,br
9E,BNF14,BNF14,2,br
9F,BNF15,BNF15,2,br
A0,X,X,1,
A1,XM,XM   #1,1,
A2,XM,XM   #2,1,
A3,XM,XM   #3,1,
A4,XM,XM   #4,1,
A5,XM,XM   #5,1,
A6,XM,XM   #6,1,
A7,XM,XM   #7,1,
A8,CAL,CAL,2,cal
A9,CAL,CAL,2,cal
AA,CAL,CAL,2,cal
AB,CAL,CAL,2,cal
AC,CAL,CAL,2,cal
AD,CAL,CAL,2,cal
AE,CAL,CAL,2,cal
AF,CAL,CAL,2,cal
B0,CZP,CZP  $000,1,czp
B1,CZP,CZP  $001,1,czp
B2,CZP,CZP  $002,1,czp
B3,CZP,CZP  $003,1,czp
B4,CZP,CZP  $004,1,czp
B5,CZP,CZP  $005,1,czp
B6,CZP,CZP  $006,1,czp
B7,CZP,CZP  $007,1,czp
B8,CZP,CZP  $008,1,czp
B9,CZP,CZP  $009,1,czp
BA,CZP,CZP  $00A,1,czp
BB,CZP,CZP  $00B,1,czp
BC,CZP,CZP  $00C,1,czp
BD,CZP,CZP  $00D,1,czp
BE,CZP,CZP  $00E,1,czp
BF,CZP,CZP  $00F,1,czp
C0,CLA,CLA,1,
C1,LI,LI   #1,1,
C2,LI,LI   #2,1,
C3,LI,LI   #3,1,
C4,LI,LI   #4,1,
C5,LI,LI   #5,1,
C6,LI,LI   #6,1,
C7,LI,LI   #7,1,
C8,LI,LI   #8,1,
C9,LI,LI   #9,1,
CA,LI,LI   #10,1,
CB,LI,LI   #11,1,
CC,LI,LI   #12,1,
CD,LI,LI   #13,1,
CE,LI,LI   #14,1,
CF,LI,LI   #15,1,
D0,BF0,BF0 ,2,br
D1,BF1,BF1 ,2,br
D2,BF2,BF2 ,2,br
D3,BF3,BF3 ,2,br
D4,BF4,BF4 ,2,br
D5,BF5,BF5 ,2,br
D6,BF6,BF6 ,2,br
D7,BF7,BF7 ,2,br
D8,BF8,BF8 ,2,br
D9,BF9,BF9 ,2,br
DA,BF10,BF10,2,br
DB,BF11,BF11,2,br
DC,BF12,BF12,2,br
DD,BF13,BF13,2,br
DE,BF14,BF14,2,br
DF,BF15,BF15,2,br
E0,XA0,XA0,1,
E1,CLC,CLC,1,
E2,-,undefined,0,
E3,-,undefined,0,
E4,XA1,XA1,1,
E5,OR,OR,1,
E6,DAA,DAA,1,
E7,AND,AND,1,
E8,XA2,XA2,1,
E9,TLA,TLA,1,
EA,DAS,DAS,1,
EB,CMA,CMA,1,
EC,XA3,XA3,1,
ED,-,undefined,0,
EE,IND,IND,1,
EF,DED,DED,1,
F0,XL0,XL0,1,
F1,STC,STC,1,
F2,-,undefined,0,
F3,-,undefined,0,
F4,XL1,XL1,1,
F5,EXL,EXL,1,
F6,HALT,HALT,1,
F7,TAL,TAL,1,
F8,XH0,XH0,1,
F9,WTTM,WTTM,1,
FA,JPEA,JPEA,1,
FB,CM,CM,1,
FC,XH1,XH1,1,
FD,BANK,BANK,1,
FE,XI,XI,1,
FF,XD,XD,1,
