address,b0,b1,b2,b3,b4,b5,b6,b7
0000,2C,9F,80,CF,61,80,40,C0
0008,FE,3E,07,23,0E,23,3E,07
0010,AB,B2,C2,89,42,02,89,61
0018,C1,84,44,02,86,44,02,C8
0020,86,42,02,86,61,AC,00,AF
0028,7F,C7,03,CD,F9,2C,81,68
0030,3D,00,00,00,00,00,00,00
0038,68,98,00,00,22,A9,6A,AA
0040,78,8B,40,21,3E,3D,AC,8A
0048,A9,04,AB,5F,AB,74,AA,08
0050,AE,00,AB,00,AA,D8,A8,5F
0058,8B,40,21,7E,58,68,3D,80
0060,46,21,0E,02,3E,6B,86,42
0068,C8,E5,02,81,41,C2,E7,7E
0070,7A,80,46,C2,02,86,42,C7
0078,E7,02,86,42,21,86,61,62
0080,3F,06,5B,4F,66,6D,7D,07
0088,7F,6F,00,20,10,30,79,71
0090,04,02,80,40,20,10,08,01
0098,E0,0D,E4,F0,F8,8D,C0,61
00A0,EE,61,88,40,21,40,F7,21
00A8,03,80,48,23,0D,63,8B,0D
00B0,61,0D,8B,43,02,88,21,80
00B8,43,F7,21,8B,43,E5,8C,61
00C0,88,40,21,03,80,49,23,0D
00C8,63,8D,61,EE,0D,61,88,40
00D0,21,0E,02,C7,E7,02,8F,21
00D8,7E,E9,8C,21,0E,02,3E,E9
00E0,EE,21,0E,02,3E,E9,8F,C0
00E8,02,8B,40,2E,C7,03,CD,F9
00F0,F8,F0,E4,0D,E0,2C,81,22
00F8,00,00,00,00,00,00,00,00
0100,EF,DF,BF,7F,80,44,21,0D
0108,C0,0D,63,82,61,A9,5E,21
0110,89,40,02,CF,F5,02,81,0C
0118,A9,5E,02,C3,E7,02,C3,F5
0120,02,80,44,21,0D,80,45,0D
0128,F7,21,A9,5E,E5,02,89,40
0130,21,A9,5E,E7,EE,02,C0,EE
0138,02,A9,5E,21,7E,4E,EE,EE
0140,EE,2E,21,2C,4A,3E,55,A9
0148,5E,21,EE,E5,EE,02,A9,5E
0150,EE,EE,EE,C0,02,80,44,2E
0158,C3,E7,02,3E,04,62,E8,80
0160,44,E1,21,01,01,80,41,F7
0168,E8,62,84,C5,61,AA,00,83
0170,0C,89,02,C3,E7,02,3E,7A
0178,CA,02,21,80,02,AA,04,84
0180,C4,61,AA,00,83,0C,81,02
0188,AA,04,84,C3,61,AA,00,83
0190,0C,82,02,AA,04,84,C2,61
0198,AA,00,83,0C,83,02,AA,04
01A0,84,C0,61,AA,00,83,0C,88
01A8,44,02,AA,04,8A,CA,02,84
01B0,CF,61,AA,00,83,0C,89,02
01B8,C4,E7,3E,D1,8A,CB,02,AA
01C0,04,84,C5,61,AA,00,83,0C
01C8,89,02,C4,E7,7E,D1,8A,CC
01D0,02,8A,21,86,02,AA,04,8F
01D8,21,3E,FA,89,CA,02,88,44
01E0,21,8E,FB,7E,F0,89,CD,02
01E8,8C,C0,02,EE,02,0E,8F,02
01F0,89,21,87,02,88,44,21,8E
01F8,02,62,87,CD,02,62,00,00
0200,8F,C1,61,62,8F,C0,61,62
0208,89,0C,81,46,02,C2,E7,02
0210,8A,43,F5,7E,3B,81,46,21
0218,7E,2C,8A,42,C1,E7,02,88
0220,43,C2,02,EE,C1,02,87,45
0228,C0,02,6A,33,88,43,C2,02
0230,EE,C2,02,AD,46,81,46,21
0238,8A,43,02,86,45,C2,E7,7E
0240,46,8A,42,C1,F5,02,89,0C
0248,81,46,02,C2,E7,7E,60,8D
0250,41,C2,E7,7E,5A,8A,42,C8
0258,F5,02,8A,42,21,8A,61,62
0260,8A,43,02,8A,42,C1,E7,02
0268,CC,E5,02,8A,61,62,00,00
0270,FF,FE,FC,F8,F0,E0,C0,80
0278,89,0C,89,02,C2,E7,7E,C5
0280,C7,0D,89,43,21,2C,42,3E
0288,8C,C7,6A,A0,01,01,89,02
0290,C4,E7,02,88,43,21,01,01
0298,01,8A,02,C3,E7,02,89,E5
02A0,63,86,43,AA,BB,80,43,AA
02A8,BB,AA,BB,87,43,AA,BB,0D
02B0,82,43,AA,BB,AA,BB,AA,BB
02B8,AA,BB,62,E1,01,3F,C2,0B
02C0,EE,62,2B,EE,62,80,43,C8
02C8,2B,EE,0F,3E,C8,62,CB,88
02D0,61,CF,88,61,CB,88,61,62
02D8,88,0C,89,02,C3,E7,2C,43
02E0,3E,E7,8F,45,C0,02,62,8F
02E8,45,C1,02,62,00,00,00,00
02F0,FF,FF,FF,FF,FF,FF,FF,FF
02F8,FF,FF,FF,FF,FF,FF,FF,FF
0300,89,0C,89,02,C2,E7,7E,5E
0308,86,41,21,89,02,C2,E7,8A
0310,41,E7,3E,5E,85,41,21,EE
0318,E5,89,40,02,C2,E7,7E,32
0320,88,43,21,3E,2B,EE,21,7E
0328,30,0F,02,88,43,21,0F,02
0330,AD,46,89,41,21,EE,E5,89
0338,40,02,C2,E7,7E,5E,88,43
0340,21,0E,02,3E,49,EE,21,0E
0348,02,88,43,21,2C,43,3E,5C
0350,EE,21,2C,42,3E,5C,88,43
0358,C2,02,EE,02,AD,46,62,85
0360,45,21,89,02,CF,F5,02,84
0368,45,21,EE,02,89,21,85,45
0370,E7,EE,02,62,89,0C,89,02
0378,C2,E7,7E,9F,8F,45,C1,E7
0380,3E,A0,86,45,C1,E7,7E,9F
0388,AF,DB,87,45,21,0E,02,C3
0390,E7,2C,43,3E,96,C0,02,E1
0398,01,8A,42,E5,02,8A,61,62
03A0,88,0C,89,02,C3,E7,2C,43
03A8,7E,9F,AF,DB,89,21,87,45
03B0,6B,8E,8F,C0,61,84,CF,61
03B8,83,C7,61,AA,CE,84,CF,61
03C0,83,C6,61,AA,CE,89,C0,02
03C8,83,61,89,21,84,61,AA,CE
03D0,89,21,0E,02,2C,46,3E,CA
03D8,84,CD,61,83,C0,61,AA,CE
03E0,84,CF,61,83,C4,61,AA,CE
03E8,83,CF,61,62,00,00,00,00
03F0,FF,FF,FF,FF,FF,FF,FF,FF
03F8,FF,FF,FF,FF,FF,FF,FF,FF
0400,89,0C,89,02,C2,E7,7E,12
0408,88,43,C2,02,EE,C1,02,AD
0410,46,62,88,43,C2,02,EE,C2
0418,02,AD,46,62,85,C6,61,C1
0420,8C,FD,61,81,44,21,8E,FD
0428,61,82,44,21,8F,FD,61,C8
0430,8D,FD,61,C9,8D,FD,61,C8
0438,8D,FD,61,89,C8,02,85,C3
0440,61,00,00,85,C7,61,00,00
0448,89,2F,3E,3E,C0,8D,FD,61
0450,62,85,C7,61,C1,8C,FD,61
0458,C0,8D,FD,61,C1,8D,FD,61
0460,C0,8D,FD,61,89,C8,02,85
0468,C7,61,00,00,85,C3,61,00
0470,00,89,2F,3E,67,85,C7,61
0478,62,AC,7B,8A,C0,02,0F,00
0480,00,00,00,00,3E,7E,2F,3E
0488,7E,62,84,45,C0,02,80,45
0490,02,EE,02,EE,02,EE,02,80
0498,0C,7E,C3,2C,41,7E,C4,2C
04A0,42,7E,C9,2C,43,7E,CE,2C
04A8,44,7E,D3,2C,45,7E,D8,2C
04B0,46,7E,DD,2C,47,7E,E2,2C
04B8,48,7E,EC,2C,49,7E,E7,2C
04C0,4A,7E,F1,62,83,45,C2,02
04C8,62,84,45,C1,02,62,84,45
04D0,C2,02,62,83,45,C1,02,62
04D8,80,45,C1,02,62,81,45,C1
04E0,02,62,82,45,C1,02,62,81
04E8,45,C2,02,62,82,45,C2,02
04F0,62,80,45,C2,02,62,00,00
04F8,00,00,00,00,00,00,00,00
0500,81,06,80,86,80,46,80,26
0508,80,16,41,06,40,86,40,46
0510,40,26,40,16,21,06,20,86
0518,20,46,20,26,20,16,11,06
0520,10,86,10,46,10,26,10,16
0528,09,06,08,86,08,46,08,26
0530,08,16,05,06,04,86,04,46
0538,04,26,04,16,03,06,02,86
0540,02,46,02,26,02,16,88,43
0548,21,89,02,89,43,21,8A,02
0550,89,21,E1,01,02,EE,21,01
0558,02,8A,21,0D,EF,21,63,8C
0560,43,02,EE,0D,02,8A,21,0D
0568,EF,21,0E,63,8E,43,02,EE
0570,0D,02,2C,91,8C,43,21,AD
0578,B7,AD,B7,AD,B7,AD,B7,8D
0580,43,21,AD,B7,AD,B7,AD,B7
0588,AD,B7,8E,43,21,AD,B7,AD
0590,B7,AD,B7,AD,B7,8F,43,21
0598,AD,B7,AD,B7,AD,B7,AD,B7
05A0,C0,AD,B7,AD,B7,86,42,0A
05A8,21,86,61,86,42,2A,21,86
05B0,61,86,42,28,2C,81,62,01
05B8,86,42,3F,BF,08,6D,C0,28
05C0,E8,86,42,21,86,61,86,42
05C8,09,21,00,86,61,86,42,29
05D0,21,86,61,E8,62,89,42,02
05D8,89,61,AC,1C,89,45,C8,02
05E0,62,00,00,00,00,00,00,00
05E8,00,00,00,00,00,00,00,00
05F0,FF,FF,FF,FF,FF,FF,FF,FF
05F8,FF,FF,FF,FF,FF,FF,FF,FF
0600,89,42,C2,E7,02,89,61,AF
0608,99,81,41,C1,E7,7E,2F,83
0610,44,02,88,CB,61,88,C3,61
0618,89,C0,02,CC,2E,3E,1C,0E
0620,3E,1C,88,CB,61,81,44,C1
0628,02,EE,C0,02,CA,6D,D5,85
0630,41,C1,E7,7E,42,81,44,C6
0638,02,EE,C0,02,83,44,02,C6
0640,6D,D5,84,44,21,89,02,C1
0648,F5,02,88,41,21,8A,02,C1
0650,E7,02,C1,F5,84,44,02,89
0658,21,84,44,E7,7E,73,EE,21
0660,3E,73,8B,41,21,2C,4A,7F
0668,73,81,44,C2,02,EE,C0,02
0670,C3,6D,D5,86,44,21,89,02
0678,C1,F5,02,8C,41,21,8A,02
0680,C1,E7,02,C1,F5,86,44,02
0688,89,21,86,44,E7,7E,A4,EE
0690,21,3E,A4,8F,41,21,2C,4A
0698,7F,A4,81,44,C4,02,EE,C0
06A0,02,CE,6D,D5,8A,41,C1,E7
06A8,7E,BB,C1,AF,8E,81,44,C3
06B0,02,EE,C0,02,C1,85,44,02
06B8,CB,6D,D5,8E,41,C1,E7,7E
06C0,D3,C2,AF,8E,81,44,C5,02
06C8,EE,C0,02,C1,87,44,02,C7
06D0,6D,D5,62,88,41,21,3E,DC
06D8,85,44,C0,02,8C,41,21,3E
06E0,E5,87,44,C0,02,89,45,21
06E8,0E,02,2C,4A,3E,D2,C0,02
06F0,81,44,C0,02,EE,C1,02,AC
06F8,1C,AC,79,AC,51,6F,CB,00
0700,AA,A1,A2,A3,A4,A5,A6,A7
0708,A8,A9,10,11,12,13,14,15
0710,16,17,18,19,20,21,22,23
0718,24,25,26,27,28,29,30,31
0720,32,33,34,35,36,37,38,39
0728,40,41,42,43,44,45,46,47
0730,48,49,50,51,52,53,54,55
0738,56,57,58,59,60,61,62,63
0740,64,65,66,67,68,69,70,71
0748,72,73,74,75,76,77,78,79
0750,80,81,82,83,84,85,86,87
0758,88,89,90,91,92,93,94,95
0760,96,97,98,99,89,0C,82,46
0768,02,C2,E7,7E,79,89,21,0D
0770,EE,21,63,84,02,EE,0D,02
0778,62,84,CA,02,EE,02,62,8A
0780,C0,02,89,0C,89,02,C2,E7
0788,3E,8D,8A,CC,02,62,8A,45
0790,02,8B,45,C0,02,EE,C2,02
0798,62,8A,45,21,7E,B4,8B,45
07A0,21,0E,02,2C,43,3E,B4,C0
07A8,02,8A,45,21,2C,41,7E,B5
07B0,2C,42,7E,BA,62,AE,AD,AF
07B8,BF,62,AE,C4,AF,BF,62,8C
07C0,45,21,0F,02,3E,CA,8A,45
07C8,C0,02,62,8E,FD,0C,8A,02
07D0,8F,FD,0C,89,02,C7,E7,02
07D8,AF,64,62,8A,42,C9,E7,02
07E0,62,00,00,00,00,00,00,00
07E8,00,00,00,00,00,00,00,00
07F0,FF,FF,FF,FF,FF,FF,FF,FF
07F8,FF,FF,FF,FF,FF,FF,FF,FF
0800,FF,FF,FF,FF,FF,FF,FF,FF
0808,FF,FF,FF,FF,FF,FF,FF,FF
0810,FF,FF,FF,FF,FF,FF,FF,FF
0818,FF,FF,FF,FF,FF,FF,FF,FF
0820,FF,FF,FF,FF,FF,FF,FF,FF
0828,FF,FF,FF,FF,FF,FF,FF,FF
0830,FF,FF,FF,FF,FF,FF,FF,FF
0838,FF,FF,FF,FF,FF,FF,FF,FF
0840,FF,FF,FF,FF,FF,FF,FF,FF
0848,FF,FF,FF,FF,FF,FF,FF,FF
0850,FF,FF,FF,FF,FF,FF,FF,FF
0858,FF,FF,FF,FF,FF,FF,FF,FF
0860,FF,FF,FF,FF,FF,FF,FF,FF
0868,FF,FF,FF,FF,FF,FF,FF,FF
0870,FF,FF,FF,FF,FF,FF,FF,FF
0878,FF,FF,FF,FF,FF,FF,FF,FF
0880,FF,FF,FF,FF,FF,FF,FF,FF
0888,FF,FF,FF,FF,FF,FF,FF,FF
0890,FF,FF,FF,FF,FF,FF,FF,FF
0898,FF,FF,FF,FF,FF,FF,FF,FF
08A0,FF,FF,FF,FF,FF,FF,FF,FF
08A8,FF,FF,FF,FF,FF,FF,FF,FF
08B0,FF,FF,FF,FF,FF,FF,FF,FF
08B8,FF,FF,FF,FF,FF,FF,FF,FF
08C0,FF,FF,FF,FF,FF,FF,FF,FF
08C8,FF,FF,FF,FF,FF,FF,FF,FF
08D0,FF,FF,FF,FF,FF,FF,FF,FF
08D8,FF,FF,FF,FF,FF,FF,FF,FF
08E0,FF,FF,FF,FF,FF,FF,FF,FF
08E8,FF,FF,FF,FF,FF,FF,FF,FF
08F0,FF,FF,FF,FF,FF,FF,FF,FF
08F8,FF,FF,FF,FF,FF,FF,FF,FF
0900,FF,FF,FF,FF,FF,FF,FF,FF
0908,FF,FF,FF,FF,FF,FF,FF,FF
0910,FF,FF,FF,FF,FF,FF,FF,FF
0918,FF,FF,FF,FF,FF,FF,FF,FF
0920,FF,FF,FF,FF,FF,FF,FF,FF
0928,FF,FF,FF,FF,FF,FF,FF,FF
0930,FF,FF,FF,FF,FF,FF,FF,FF
0938,FF,FF,FF,FF,FF,FF,FF,FF
0940,FF,FF,FF,FF,FF,FF,FF,FF
0948,FF,FF,FF,FF,FF,FF,FF,FF
0950,FF,FF,FF,FF,FF,FF,FF,FF
0958,FF,FF,FF,FF,FF,FF,FF,FF
0960,FF,FF,FF,FF,FF,FF,FF,FF
0968,FF,FF,FF,FF,FF,FF,FF,FF
0970,FF,FF,FF,FF,FF,FF,FF,FF
0978,FF,FF,FF,FF,FF,FF,FF,FF
0980,FF,FF,FF,FF,FF,FF,FF,FF
0988,FF,FF,FF,FF,FF,FF,FF,FF
0990,FF,FF,FF,FF,FF,FF,FF,FF
0998,FF,FF,FF,FF,FF,FF,FF,FF
09A0,FF,FF,FF,FF,FF,FF,FF,FF
09A8,FF,FF,FF,FF,FF,FF,FF,FF
09B0,FF,FF,FF,FF,FF,FF,FF,FF
09B8,FF,FF,FF,FF,FF,FF,FF,FF
09C0,FF,FF,FF,FF,FF,FF,FF,FF
09C8,FF,FF,FF,FF,FF,FF,FF,FF
09D0,FF,FF,FF,FF,FF,FF,FF,FF
09D8,FF,FF,FF,FF,FF,FF,FF,FF
09E0,FF,FF,FF,FF,FF,FF,FF,FF
09E8,FF,FF,FF,FF,FF,FF,FF,FF
09F0,FF,FF,FF,FF,FF,FF,FF,FF
09F8,FF,FF,FF,FF,FF,FF,FF,FF
0A00,FF,FF,FF,FF,FF,FF,FF,FF
0A08,FF,FF,FF,FF,FF,FF,FF,FF
0A10,FF,FF,FF,FF,FF,FF,FF,FF
0A18,FF,FF,FF,FF,FF,FF,FF,FF
0A20,FF,FF,FF,FF,FF,FF,FF,FF
0A28,FF,FF,FF,FF,FF,FF,FF,FF
0A30,FF,FF,FF,FF,FF,FF,FF,FF
0A38,FF,FF,FF,FF,FF,FF,FF,FF
0A40,FF,FF,FF,FF,FF,FF,FF,FF
0A48,FF,FF,FF,FF,FF,FF,FF,FF
0A50,FF,FF,FF,FF,FF,FF,FF,FF
0A58,FF,FF,FF,FF,FF,FF,FF,FF
0A60,FF,FF,FF,FF,FF,FF,FF,FF
0A68,FF,FF,FF,FF,FF,FF,FF,FF
0A70,FF,FF,FF,FF,FF,FF,FF,FF
0A78,FF,FF,FF,FF,FF,FF,FF,FF
0A80,FF,FF,FF,FF,FF,FF,FF,FF
0A88,FF,FF,FF,FF,FF,FF,FF,FF
0A90,FF,FF,FF,FF,FF,FF,FF,FF
0A98,FF,FF,FF,FF,FF,FF,FF,FF
0AA0,FF,FF,FF,FF,FF,FF,FF,FF
0AA8,FF,FF,FF,FF,FF,FF,FF,FF
0AB0,FF,FF,FF,FF,FF,FF,FF,FF
0AB8,FF,FF,FF,FF,FF,FF,FF,FF
0AC0,FF,FF,FF,FF,FF,FF,FF,FF
0AC8,FF,FF,FF,FF,FF,FF,FF,FF
0AD0,FF,FF,FF,FF,FF,FF,FF,FF
0AD8,FF,FF,FF,FF,FF,FF,FF,FF
0AE0,FF,FF,FF,FF,FF,FF,FF,FF
0AE8,FF,FF,FF,FF,FF,FF,FF,FF
0AF0,FF,FF,FF,FF,FF,FF,FF,FF
0AF8,FF,FF,FF,FF,FF,FF,FF,FF
0B00,FF,FF,FF,FF,FF,FF,FF,FF
0B08,FF,FF,FF,FF,FF,FF,FF,FF
0B10,FF,FF,FF,FF,FF,FF,FF,FF
0B18,FF,FF,FF,FF,FF,FF,FF,FF
0B20,FF,FF,FF,FF,FF,FF,FF,FF
0B28,FF,FF,FF,FF,FF,FF,FF,FF
0B30,FF,FF,FF,FF,FF,FF,FF,FF
0B38,FF,FF,FF,FF,FF,FF,FF,FF
0B40,FF,FF,FF,FF,FF,FF,FF,FF
0B48,FF,FF,FF,FF,FF,FF,FF,FF
0B50,FF,FF,FF,FF,FF,FF,FF,FF
0B58,FF,FF,FF,FF,FF,FF,FF,FF
0B60,FF,FF,FF,FF,FF,FF,FF,FF
0B68,FF,FF,FF,FF,FF,FF,FF,FF
0B70,FF,FF,FF,FF,FF,FF,FF,FF
0B78,FF,FF,FF,FF,FF,FF,FF,FF
0B80,FF,FF,FF,FF,FF,FF,FF,FF
0B88,FF,FF,FF,FF,FF,FF,FF,FF
0B90,FF,FF,FF,FF,FF,FF,FF,FF
0B98,FF,FF,FF,FF,FF,FF,FF,FF
0BA0,FF,FF,FF,FF,FF,FF,FF,FF
0BA8,FF,FF,FF,FF,FF,FF,FF,FF
0BB0,FF,FF,FF,FF,FF,FF,FF,FF
0BB8,FF,FF,FF,FF,FF,FF,FF,FF
0BC0,FF,FF,FF,FF,FF,FF,FF,FF
0BC8,FF,FF,FF,FF,FF,FF,FF,FF
0BD0,FF,FF,FF,FF,FF,FF,FF,FF
0BD8,FF,FF,FF,FF,FF,FF,FF,FF
0BE0,FF,FF,FF,FF,FF,FF,FF,FF
0BE8,FF,FF,FF,FF,FF,FF,FF,FF
0BF0,FF,FF,FF,FF,FF,FF,FF,FF
0BF8,FF,FF,FF,FF,FF,FF,FF,FF
0C00,FF,FF,FF,FF,FF,FF,FF,FF
0C08,FF,FF,FF,FF,FF,FF,FF,FF
0C10,FF,FF,FF,FF,FF,FF,FF,FF
0C18,FF,FF,FF,FF,FF,FF,FF,FF
0C20,FF,FF,FF,FF,FF,FF,FF,FF
0C28,FF,FF,FF,FF,FF,FF,FF,FF
0C30,FF,FF,FF,FF,FF,FF,FF,FF
0C38,FF,FF,FF,FF,FF,FF,FF,FF
0C40,FF,FF,FF,FF,FF,FF,FF,FF
0C48,FF,FF,FF,FF,FF,FF,FF,FF
0C50,FF,FF,FF,FF,FF,FF,FF,FF
0C58,FF,FF,FF,FF,FF,FF,FF,FF
0C60,FF,FF,FF,FF,FF,FF,FF,FF
0C68,FF,FF,FF,FF,FF,FF,FF,FF
0C70,FF,FF,FF,FF,FF,FF,FF,FF
0C78,FF,FF,FF,FF,FF,FF,FF,FF
0C80,FF,FF,FF,FF,FF,FF,FF,FF
0C88,FF,FF,FF,FF,FF,FF,FF,FF
0C90,FF,FF,FF,FF,FF,FF,FF,FF
0C98,FF,FF,FF,FF,FF,FF,FF,FF
0CA0,FF,FF,FF,FF,FF,FF,FF,FF
0CA8,FF,FF,FF,FF,FF,FF,FF,FF
0CB0,FF,FF,FF,FF,FF,FF,FF,FF
0CB8,FF,FF,FF,FF,FF,FF,FF,FF
0CC0,FF,FF,FF,FF,FF,FF,FF,FF
0CC8,FF,FF,FF,FF,FF,FF,FF,FF
0CD0,FF,FF,FF,FF,FF,FF,FF,FF
0CD8,FF,FF,FF,FF,FF,FF,FF,FF
0CE0,FF,FF,FF,FF,FF,FF,FF,FF
0CE8,FF,FF,FF,FF,FF,FF,FF,FF
0CF0,FF,FF,FF,FF,FF,FF,FF,FF
0CF8,FF,FF,FF,FF,FF,FF,FF,FF
0D00,FF,FF,FF,FF,FF,FF,FF,FF
0D08,FF,FF,FF,FF,FF,FF,FF,FF
0D10,FF,FF,FF,FF,FF,FF,FF,FF
0D18,FF,FF,FF,FF,FF,FF,FF,FF
0D20,FF,FF,FF,FF,FF,FF,FF,FF
0D28,FF,FF,FF,FF,FF,FF,FF,FF
0D30,FF,FF,FF,FF,FF,FF,FF,FF
0D38,FF,FF,FF,FF,FF,FF,FF,FF
0D40,FF,FF,FF,FF,FF,FF,FF,FF
0D48,FF,FF,FF,FF,FF,FF,FF,FF
0D50,FF,FF,FF,FF,FF,FF,FF,FF
0D58,FF,FF,FF,FF,FF,FF,FF,FF
0D60,FF,FF,FF,FF,FF,FF,FF,FF
0D68,FF,FF,FF,FF,FF,FF,FF,FF
0D70,FF,FF,FF,FF,FF,FF,FF,FF
0D78,FF,FF,FF,FF,FF,FF,FF,FF
0D80,FF,FF,FF,FF,FF,FF,FF,FF
0D88,FF,FF,FF,FF,FF,FF,FF,FF
0D90,FF,FF,FF,FF,FF,FF,FF,FF
0D98,FF,FF,FF,FF,FF,FF,FF,FF
0DA0,FF,FF,FF,FF,FF,FF,FF,FF
0DA8,FF,FF,FF,FF,FF,FF,FF,FF
0DB0,FF,FF,FF,FF,FF,FF,FF,FF
0DB8,FF,FF,FF,FF,FF,FF,FF,FF
0DC0,FF,FF,FF,FF,FF,FF,FF,FF
0DC8,FF,FF,FF,FF,FF,FF,FF,FF
0DD0,FF,FF,FF,FF,FF,FF,FF,FF
0DD8,FF,FF,FF,FF,FF,FF,FF,FF
0DE0,FF,FF,FF,FF,FF,FF,FF,FF
0DE8,FF,FF,FF,FF,FF,FF,FF,FF
0DF0,FF,FF,FF,FF,FF,FF,FF,FF
0DF8,FF,FF,FF,FF,FF,FF,FF,FF
0E00,FF,FF,FF,FF,FF,FF,FF,FF
0E08,FF,FF,FF,FF,FF,FF,FF,FF
0E10,FF,FF,FF,FF,FF,FF,FF,FF
0E18,FF,FF,FF,FF,FF,FF,FF,FF
0E20,FF,FF,FF,FF,FF,FF,FF,FF
0E28,FF,FF,FF,FF,FF,FF,FF,FF
0E30,FF,FF,FF,FF,FF,FF,FF,FF
0E38,FF,FF,FF,FF,FF,FF,FF,FF
0E40,FF,FF,FF,FF,FF,FF,FF,FF
0E48,FF,FF,FF,FF,FF,FF,FF,FF
0E50,FF,FF,FF,FF,FF,FF,FF,FF
0E58,FF,FF,FF,FF,FF,FF,FF,FF
0E60,FF,FF,FF,FF,FF,FF,FF,FF
0E68,FF,FF,FF,FF,FF,FF,FF,FF
0E70,FF,FF,FF,FF,FF,FF,FF,FF
0E78,FF,FF,FF,FF,FF,FF,FF,FF
0E80,FF,FF,FF,FF,FF,FF,FF,FF
0E88,FF,FF,FF,FF,FF,FF,FF,FF
0E90,FF,FF,FF,FF,FF,FF,FF,FF
0E98,FF,FF,FF,FF,FF,FF,FF,FF
0EA0,FF,FF,FF,FF,FF,FF,FF,FF
0EA8,FF,FF,FF,FF,FF,FF,FF,FF
0EB0,FF,FF,FF,FF,FF,FF,FF,FF
0EB8,FF,FF,FF,FF,FF,FF,FF,FF
0EC0,FF,FF,FF,FF,FF,FF,FF,FF
0EC8,FF,FF,FF,FF,FF,FF,FF,FF
0ED0,FF,FF,FF,FF,FF,FF,FF,FF
0ED8,FF,FF,FF,FF,FF,FF,FF,FF
0EE0,FF,FF,FF,FF,FF,FF,FF,FF
0EE8,FF,FF,FF,FF,FF,FF,FF,FF
0EF0,FF,FF,FF,FF,FF,FF,FF,FF
0EF8,FF,FF,FF,FF,FF,FF,FF,FF
0F00,FF,FF,FF,FF,FF,FF,FF,FF
0F08,FF,FF,FF,FF,FF,FF,FF,FF
0F10,FF,FF,FF,FF,FF,FF,FF,FF
0F18,FF,FF,FF,FF,FF,FF,FF,FF
0F20,FF,FF,FF,FF,FF,FF,FF,FF
0F28,FF,FF,FF,FF,FF,FF,FF,FF
0F30,FF,FF,FF,FF,FF,FF,FF,FF
0F38,FF,FF,FF,FF,FF,FF,FF,FF
0F40,FF,FF,FF,FF,FF,FF,FF,FF
0F48,FF,FF,FF,FF,FF,FF,FF,FF
0F50,FF,FF,FF,FF,FF,FF,FF,FF
0F58,FF,FF,FF,FF,FF,FF,FF,FF
0F60,FF,FF,FF,FF,FF,FF,FF,FF
0F68,FF,FF,FF,FF,FF,FF,FF,FF
0F70,FF,FF,FF,FF,FF,FF,FF,FF
0F78,FF,FF,FF,FF,FF,FF,FF,FF
0F80,FF,FF,FF,FF,FF,FF,FF,FF
0F88,FF,FF,FF,FF,FF,FF,FF,FF
0F90,FF,FF,FF,FF,FF,FF,FF,FF
0F98,FF,FF,FF,FF,FF,FF,FF,FF
0FA0,FF,FF,FF,FF,FF,FF,FF,FF
0FA8,FF,FF,FF,FF,FF,FF,FF,FF
0FB0,FF,FF,FF,FF,FF,FF,FF,FF
0FB8,FF,FF,FF,FF,FF,FF,FF,FF
0FC0,FF,FF,FF,FF,FF,FF,FF,FF
0FC8,FF,FF,FF,FF,FF,FF,FF,FF
0FD0,FF,FF,FF,FF,FF,FF,FF,FF
0FD8,FF,FF,FF,FF,FF,FF,FF,FF
0FE0,FF,FF,FF,FF,FF,FF,FF,FF
0FE8,FF,FF,FF,FF,FF,FF,FF,FF
0FF0,FF,FF,FF,FF,FF,FF,FF,FF
0FF8,FF,FF,FF,FF,FF,FF,FF,FF
1000,23,00,00,00,00,00,F0,FF
1008,0F,00,00,FF,FF,FF,FF,FF
1010,FF,FF,FF,FF,FF,FF,FF,FF
1018,FF,FF,FF,FF,FF,FF,FF,FF
1020,FF,FF,FF,FF,FF,FF,FF,FF
1028,FF,FF,FF,FF,FF,FF,FF,FF
1030,FF,FF,FF,FF,FF,FF,FF,FF
1038,FF,FF,FF,FF,FF,FF,FF,FF
1040,FF,FF,FF,FF,FF,FF,FF,FF
1048,FF,FF,FF,FF,FF,FF,FF,FF
1050,FF,FF,FF,FF,FF,FF,FF,FF
1058,FF,FF,FF,FF,FF,FF,FF,FF
1060,FF,FF,FF,FF,FF,FF,FF,FF
1068,FF,FF,FF,FF,FF,FF,FF,FF
1070,FF,FF,FF,FF,FF,FF,FF,FF
1078,FF,FF,FF,FF,FF,FF,FF,FF
1080,FF,FF,FF,FF,FF,FF,FF,FF
1088,FF,FF,FF,FF,FF,FF,FF,FF
1090,FF,FF,FF,FF,FF,FF,FF,FF
1098,FF,FF,FF,FF,FF,FF,FF,FF
10A0,FF,FF,FF,FF,FF,FF,FF,FF
10A8,FF,FF,FF,FF,FF,FF,FF,FF
10B0,FF,FF,FF,FF,FF,FF,FF,FF
10B8,FF,FF,FF,FF,FF,FF,FF,FF
10C0,FF,FF,FF,FF,FF,FF,FF,FF
10C8,FF,FF,FF,FF,FF,FF,FF,FF
10D0,FF,FF,FF,FF,FF,FF,FF,FF
10D8,FF,FF,FF,FF,FF,FF,FF,FF
10E0,FF,FF,FF,FF,FF,FF,FF,FF
10E8,FF,FF,FF,FF,FF,FF,FF,FF
10F0,FF,FF,FF,FF,FF,FF,FF,FF
10F8,FF,FF,FF,FF,FF,FF,FF,FF
1100,4C,43,36,35,35,34,48,00
1108,00,00,00,00,00,00,00,00
1110,56,45,52,20,31,2E,32,30
1118,00,00,00,00,00,00,00,00
1120,32,36,2D,30,39,2D,31,39
1128,39,30,00,00,00,00,00,00
1130,FF,FF,FF,FF,FF,FF,FF,FF
1138,FF,FF,FF,FF,FF,FF,FF,FF
1140,FF,FF,FF,FF,FF,FF,FF,FF
1148,FF,FF,FF,FF,FF,FF,FF,FF
1150,FF,FF,FF,FF,FF,FF,FF,FF
1158,FF,FF,FF,FF,FF,FF,FF,FF
1160,FF,FF,FF,FF,FF,FF,FF,FF
1168,FF,FF,FF,FF,FF,FF,FF,FF
1170,FF,FF,FF,FF,FF,FF,FF,FF
1178,FF,FF,FF,FF,FF,FF,FF,FF
1180,FF,FF,FF,FF,FF,FF,FF,FF
1188,FF,FF,FF,FF,FF,FF,FF,FF
1190,FF,FF,FF,FF,FF,FF,FF,FF
1198,FF,FF,FF,FF,FF,FF,FF,FF
11A0,FF,FF,FF,FF,FF,FF,FF,FF
11A8,FF,FF,FF,FF,FF,FF,FF,FF
11B0,FF,FF,FF,FF,FF,FF,FF,FF
11B8,FF,FF,FF,FF,FF,FF,FF,FF
11C0,FF,FF,FF,FF,FF,FF,FF,FF
11C8,FF,FF,FF,FF,FF,FF,FF,FF
11D0,FF,FF,FF,FF,FF,FF,FF,FF
11D8,FF,FF,FF,FF,FF,FF,FF,FF
11E0,FF,FF,FF,FF,FF,FF,FF,FF
11E8,FF,FF,FF,FF,FF,FF,FF,FF
11F0,FF,FF,FF,FF,FF,FF,FF,FF
11F8,FF,FF,FF,FF,FF,FF,FF,FF
1200,FF,FF,FF,FF,FF,FF,FF,FF
1208,FF,FF,FF,FF,FF,FF,FF,FF
1210,FF,FF,FF,FF,FF,FF,FF,FF
1218,FF,FF,FF,FF,FF,FF,FF,FF
1220,FF,FF,FF,FF,FF,FF,FF,FF
1228,FF,FF,FF,FF,FF,FF,FF,FF
1230,FF,FF,FF,FF,FF,FF,FF,FF
1238,FF,FF,FF,FF,FF,FF,FF,FF
1240,FF,FF,FF,FF,FF,FF,FF,FF
1248,FF,FF,FF,FF,FF,FF,FF,FF
1250,FF,FF,FF,FF,FF,FF,FF,FF
1258,FF,FF,FF,FF,FF,FF,FF,FF
1260,FF,FF,FF,FF,FF,FF,FF,FF
1268,FF,FF,FF,FF,FF,FF,FF,FF
1270,FF,FF,FF,FF,FF,FF,FF,FF
1278,FF,FF,FF,FF,FF,FF,FF,FF
1280,FF,FF,FF,FF,FF,FF,FF,FF
1288,FF,FF,FF,FF,FF,FF,FF,FF
1290,FF,FF,FF,FF,FF,FF,FF,FF
1298,FF,FF,FF,FF,FF,FF,FF,FF
12A0,FF,FF,FF,FF,FF,FF,FF,FF
12A8,FF,FF,FF,FF,FF,FF,FF,FF
12B0,FF,FF,FF,FF,FF,FF,FF,FF
12B8,FF,FF,FF,FF,FF,FF,FF,FF
12C0,FF,FF,FF,FF,FF,FF,FF,FF
12C8,FF,FF,FF,FF,FF,FF,FF,FF
12D0,FF,FF,FF,FF,FF,FF,FF,FF
12D8,FF,FF,FF,FF,FF,FF,FF,FF
12E0,FF,FF,FF,FF,FF,FF,FF,FF
12E8,FF,FF,FF,FF,FF,FF,FF,FF
12F0,FF,FF,FF,FF,FF,FF,FF,FF
12F8,FF,FF,FF,FF,FF,FF,FF,FF
1300,FF,FF,FF,FF,FF,FF,FF,FF
1308,FF,FF,FF,FF,FF,FF,FF,FF
1310,FF,FF,FF,FF,FF,FF,FF,FF
1318,FF,FF,FF,FF,FF,FF,FF,FF
1320,FF,FF,FF,FF,FF,FF,FF,FF
1328,FF,FF,FF,FF,FF,FF,FF,FF
1330,FF,FF,FF,FF,FF,FF,FF,FF
1338,FF,FF,FF,FF,FF,FF,FF,FF
1340,FF,FF,FF,FF,FF,FF,FF,FF
1348,FF,FF,FF,FF,FF,FF,FF,FF
1350,FF,FF,FF,FF,FF,FF,FF,FF
1358,FF,FF,FF,FF,FF,FF,FF,FF
1360,FF,FF,FF,FF,FF,FF,FF,FF
1368,FF,FF,FF,FF,FF,FF,FF,FF
1370,FF,FF,FF,FF,FF,FF,FF,FF
1378,FF,FF,FF,FF,FF,FF,FF,FF
1380,FF,FF,FF,FF,FF,FF,FF,FF
1388,FF,FF,FF,FF,FF,FF,FF,FF
1390,FF,FF,FF,FF,FF,FF,FF,FF
1398,FF,FF,FF,FF,FF,FF,FF,FF
13A0,FF,FF,FF,FF,FF,FF,FF,FF
13A8,FF,FF,FF,FF,FF,FF,FF,FF
13B0,FF,FF,FF,FF,FF,FF,FF,FF
13B8,FF,FF,FF,FF,FF,FF,FF,FF
13C0,FF,FF,FF,FF,FF,FF,FF,FF
13C8,FF,FF,FF,FF,FF,FF,FF,FF
13D0,FF,FF,FF,FF,FF,FF,FF,FF
13D8,FF,FF,FF,FF,FF,FF,FF,FF
13E0,FF,FF,FF,FF,FF,FF,FF,FF
13E8,FF,FF,FF,FF,FF,FF,FF,FF
13F0,FF,FF,FF,FF,FF,FF,FF,FF
13F8,FF,FF,FF,FF,FF,FF,FF,FF
1400,FF,FF,FF,FF,FF,FF,FF,FF
1408,FF,FF,FF,FF,FF,FF,FF,FF
1410,FF,FF,FF,FF,FF,FF,FF,FF
1418,FF,FF,FF,FF,FF,FF,FF,FF
1420,FF,FF,FF,FF,FF,FF,FF,FF
1428,FF,FF,FF,FF,FF,FF,FF,FF
1430,FF,FF,FF,FF,FF,FF,FF,FF
1438,FF,FF,FF,FF,FF,FF,FF,FF
1440,FF,FF,FF,FF,FF,FF,FF,FF
1448,FF,FF,FF,FF,FF,FF,FF,FF
1450,FF,FF,FF,FF,FF,FF,FF,FF
1458,FF,FF,FF,FF,FF,FF,FF,FF
1460,FF,FF,FF,FF,FF,FF,FF,FF
1468,FF,FF,FF,FF,FF,FF,FF,FF
1470,FF,FF,FF,FF,FF,FF,FF,FF
1478,FF,FF,FF,FF,FF,FF,FF,FF
1480,FF,FF,FF,FF,FF,FF,FF,FF
1488,FF,FF,FF,FF,FF,FF,FF,FF
1490,FF,FF,FF,FF,FF,FF,FF,FF
1498,FF,FF,FF,FF,FF,FF,FF,FF
14A0,FF,FF,FF,FF,FF,FF,FF,FF
14A8,FF,FF,FF,FF,FF,FF,FF,FF
14B0,FF,FF,FF,FF,FF,FF,FF,FF
14B8,FF,FF,FF,FF,FF,FF,FF,FF
14C0,FF,FF,FF,FF,FF,FF,FF,FF
14C8,FF,FF,FF,FF,FF,FF,FF,FF
14D0,FF,FF,FF,FF,FF,FF,FF,FF
14D8,FF,FF,FF,FF,FF,FF,FF,FF
14E0,FF,FF,FF,FF,FF,FF,FF,FF
14E8,FF,FF,FF,FF,FF,FF,FF,FF
14F0,FF,FF,FF,FF,FF,FF,FF,FF
14F8,FF,FF,FF,FF,FF,FF,FF,FF
1500,FF,FF,FF,FF,FF,FF,FF,FF
1508,FF,FF,FF,FF,FF,FF,FF,FF
1510,FF,FF,FF,FF,FF,FF,FF,FF
1518,FF,FF,FF,FF,FF,FF,FF,FF
1520,FF,FF,FF,FF,FF,FF,FF,FF
1528,FF,FF,FF,FF,FF,FF,FF,FF
1530,FF,FF,FF,FF,FF,FF,FF,FF
1538,FF,FF,FF,FF,FF,FF,FF,FF
1540,FF,FF,FF,FF,FF,FF,FF,FF
1548,FF,FF,FF,FF,FF,FF,FF,FF
1550,FF,FF,FF,FF,FF,FF,FF,FF
1558,FF,FF,FF,FF,FF,FF,FF,FF
1560,FF,FF,FF,FF,FF,FF,FF,FF
1568,FF,FF,FF,FF,FF,FF,FF,FF
1570,FF,FF,FF,FF,FF,FF,FF,FF
1578,FF,FF,FF,FF,FF,FF,FF,FF
1580,FF,FF,FF,FF,FF,FF,FF,FF
1588,FF,FF,FF,FF,FF,FF,FF,FF
1590,FF,FF,FF,FF,FF,FF,FF,FF
1598,FF,FF,FF,FF,FF,FF,FF,FF
15A0,FF,FF,FF,FF,FF,FF,FF,FF
15A8,FF,FF,FF,FF,FF,FF,FF,FF
15B0,FF,FF,FF,FF,FF,FF,FF,FF
15B8,FF,FF,FF,FF,FF,FF,FF,FF
15C0,FF,FF,FF,FF,FF,FF,FF,FF
15C8,FF,FF,FF,FF,FF,FF,FF,FF
15D0,FF,FF,FF,FF,FF,FF,FF,FF
15D8,FF,FF,FF,FF,FF,FF,FF,FF
15E0,FF,FF,FF,FF,FF,FF,FF,FF
15E8,FF,FF,FF,FF,FF,FF,FF,FF
15F0,FF,FF,FF,FF,FF,FF,FF,FF
15F8,FF,FF,FF,FF,FF,FF,FF,FF
1600,FF,FF,FF,FF,FF,FF,FF,FF
1608,FF,FF,FF,FF,FF,FF,FF,FF
1610,FF,FF,FF,FF,FF,FF,FF,FF
1618,FF,FF,FF,FF,FF,FF,FF,FF
1620,FF,FF,FF,FF,FF,FF,FF,FF
1628,FF,FF,FF,FF,FF,FF,FF,FF
1630,FF,FF,FF,FF,FF,FF,FF,FF
1638,FF,FF,FF,FF,FF,FF,FF,FF
1640,FF,FF,FF,FF,FF,FF,FF,FF
1648,FF,FF,FF,FF,FF,FF,FF,FF
1650,FF,FF,FF,FF,FF,FF,FF,FF
1658,FF,FF,FF,FF,FF,FF,FF,FF
1660,FF,FF,FF,FF,FF,FF,FF,FF
1668,FF,FF,FF,FF,FF,FF,FF,FF
1670,FF,FF,FF,FF,FF,FF,FF,FF
1678,FF,FF,FF,FF,FF,FF,FF,FF
1680,FF,FF,FF,FF,FF,FF,FF,FF
1688,FF,FF,FF,FF,FF,FF,FF,FF
1690,FF,FF,FF,FF,FF,FF,FF,FF
1698,FF,FF,FF,FF,FF,FF,FF,FF
16A0,FF,FF,FF,FF,FF,FF,FF,FF
16A8,FF,FF,FF,FF,FF,FF,FF,FF
16B0,FF,FF,FF,FF,FF,FF,FF,FF
16B8,FF,FF,FF,FF,FF,FF,FF,FF
16C0,FF,FF,FF,FF,FF,FF,FF,FF
16C8,FF,FF,FF,FF,FF,FF,FF,FF
16D0,FF,FF,FF,FF,FF,FF,FF,FF
16D8,FF,FF,FF,FF,FF,FF,FF,FF
16E0,FF,FF,FF,FF,FF,FF,FF,FF
16E8,FF,FF,FF,FF,FF,FF,FF,FF
16F0,FF,FF,FF,FF,FF,FF,FF,FF
16F8,FF,FF,FF,FF,FF,FF,FF,FF
1700,FF,FF,FF,FF,FF,FF,FF,FF
1708,FF,FF,FF,FF,FF,FF,FF,FF
1710,FF,FF,FF,FF,FF,FF,FF,FF
1718,FF,FF,FF,FF,FF,FF,FF,FF
1720,FF,FF,FF,FF,FF,FF,FF,FF
1728,FF,FF,FF,FF,FF,FF,FF,FF
1730,FF,FF,FF,FF,FF,FF,FF,FF
1738,FF,FF,FF,FF,FF,FF,FF,FF
1740,FF,FF,FF,FF,FF,FF,FF,FF
1748,FF,FF,FF,FF,FF,FF,FF,FF
1750,FF,FF,FF,FF,FF,FF,FF,FF
1758,FF,FF,FF,FF,FF,FF,FF,FF
1760,FF,FF,FF,FF,FF,FF,FF,FF
1768,FF,FF,FF,FF,FF,FF,FF,FF
1770,FF,FF,FF,FF,FF,FF,FF,FF
1778,FF,FF,FF,FF,FF,FF,FF,FF
1780,FF,FF,FF,FF,FF,FF,FF,FF
1788,FF,FF,FF,FF,FF,FF,FF,FF
1790,FF,FF,FF,FF,FF,FF,FF,FF
1798,FF,FF,FF,FF,FF,FF,FF,FF
17A0,FF,FF,FF,FF,FF,FF,FF,FF
17A8,FF,FF,FF,FF,FF,FF,FF,FF
17B0,FF,FF,FF,FF,FF,FF,FF,FF
17B8,FF,FF,FF,FF,FF,FF,FF,FF
17C0,FF,FF,FF,FF,FF,FF,FF,FF
17C8,FF,FF,FF,FF,FF,FF,FF,FF
17D0,FF,FF,FF,FF,FF,FF,FF,FF
17D8,FF,FF,FF,FF,FF,FF,FF,FF
17E0,FF,FF,FF,FF,FF,FF,FF,FF
17E8,FF,FF,FF,FF,FF,FF,FF,FF
17F0,FF,FF,FF,FF,FF,FF,FF,FF
17F8,FF,FF,FF,FF,FF,FF,FF,FF
1800,FF,FF,FF,FF,FF,FF,FF,FF
1808,FF,FF,FF,FF,FF,FF,FF,FF
1810,FF,FF,FF,FF,FF,FF,FF,FF
1818,FF,FF,FF,FF,FF,FF,FF,FF
1820,FF,FF,FF,FF,FF,FF,FF,FF
1828,FF,FF,FF,FF,FF,FF,FF,FF
1830,FF,FF,FF,FF,FF,FF,FF,FF
1838,FF,FF,FF,FF,FF,FF,FF,FF
1840,FF,FF,FF,FF,FF,FF,FF,FF
1848,FF,FF,FF,FF,FF,FF,FF,FF
1850,FF,FF,FF,FF,FF,FF,FF,FF
1858,FF,FF,FF,FF,FF,FF,FF,FF
1860,FF,FF,FF,FF,FF,FF,FF,FF
1868,FF,FF,FF,FF,FF,FF,FF,FF
1870,FF,FF,FF,FF,FF,FF,FF,FF
1878,FF,FF,FF,FF,FF,FF,FF,FF
1880,FF,FF,FF,FF,FF,FF,FF,FF
1888,FF,FF,FF,FF,FF,FF,FF,FF
1890,FF,FF,FF,FF,FF,FF,FF,FF
1898,FF,FF,FF,FF,FF,FF,FF,FF
18A0,FF,FF,FF,FF,FF,FF,FF,FF
18A8,FF,FF,FF,FF,FF,FF,FF,FF
18B0,FF,FF,FF,FF,FF,FF,FF,FF
18B8,FF,FF,FF,FF,FF,FF,FF,FF
18C0,FF,FF,FF,FF,FF,FF,FF,FF
18C8,FF,FF,FF,FF,FF,FF,FF,FF
18D0,FF,FF,FF,FF,FF,FF,FF,FF
18D8,FF,FF,FF,FF,FF,FF,FF,FF
18E0,FF,FF,FF,FF,FF,FF,FF,FF
18E8,FF,FF,FF,FF,FF,FF,FF,FF
18F0,FF,FF,FF,FF,FF,FF,FF,FF
18F8,FF,FF,FF,FF,FF,FF,FF,FF
1900,FF,FF,FF,FF,FF,FF,FF,FF
1908,FF,FF,FF,FF,FF,FF,FF,FF
1910,FF,FF,FF,FF,FF,FF,FF,FF
1918,FF,FF,FF,FF,FF,FF,FF,FF
1920,FF,FF,FF,FF,FF,FF,FF,FF
1928,FF,FF,FF,FF,FF,FF,FF,FF
1930,FF,FF,FF,FF,FF,FF,FF,FF
1938,FF,FF,FF,FF,FF,FF,FF,FF
1940,FF,FF,FF,FF,FF,FF,FF,FF
1948,FF,FF,FF,FF,FF,FF,FF,FF
1950,FF,FF,FF,FF,FF,FF,FF,FF
1958,FF,FF,FF,FF,FF,FF,FF,FF
1960,FF,FF,FF,FF,FF,FF,FF,FF
1968,FF,FF,FF,FF,FF,FF,FF,FF
1970,FF,FF,FF,FF,FF,FF,FF,FF
1978,FF,FF,FF,FF,FF,FF,FF,FF
1980,FF,FF,FF,FF,FF,FF,FF,FF
1988,FF,FF,FF,FF,FF,FF,FF,FF
1990,FF,FF,FF,FF,FF,FF,FF,FF
1998,FF,FF,FF,FF,FF,FF,FF,FF
19A0,FF,FF,FF,FF,FF,FF,FF,FF
19A8,FF,FF,FF,FF,FF,FF,FF,FF
19B0,FF,FF,FF,FF,FF,FF,FF,FF
19B8,FF,FF,FF,FF,FF,FF,FF,FF
19C0,FF,FF,FF,FF,FF,FF,FF,FF
19C8,FF,FF,FF,FF,FF,FF,FF,FF
19D0,FF,FF,FF,FF,FF,FF,FF,FF
19D8,FF,FF,FF,FF,FF,FF,FF,FF
19E0,FF,FF,FF,FF,FF,FF,FF,FF
19E8,FF,FF,FF,FF,FF,FF,FF,FF
19F0,FF,FF,FF,FF,FF,FF,FF,FF
19F8,FF,FF,FF,FF,FF,FF,FF,FF
1A00,FF,FF,FF,FF,FF,FF,FF,FF
1A08,FF,FF,FF,FF,FF,FF,FF,FF
1A10,FF,FF,FF,FF,FF,FF,FF,FF
1A18,FF,FF,FF,FF,FF,FF,FF,FF
1A20,FF,FF,FF,FF,FF,FF,FF,FF
1A28,FF,FF,FF,FF,FF,FF,FF,FF
1A30,FF,FF,FF,FF,FF,FF,FF,FF
1A38,FF,FF,FF,FF,FF,FF,FF,FF
1A40,FF,FF,FF,FF,FF,FF,FF,FF
1A48,FF,FF,FF,FF,FF,FF,FF,FF
1A50,FF,FF,FF,FF,FF,FF,FF,FF
1A58,FF,FF,FF,FF,FF,FF,FF,FF
1A60,FF,FF,FF,FF,FF,FF,FF,FF
1A68,FF,FF,FF,FF,FF,FF,FF,FF
1A70,FF,FF,FF,FF,FF,FF,FF,FF
1A78,FF,FF,FF,FF,FF,FF,FF,FF
1A80,FF,FF,FF,FF,FF,FF,FF,FF
1A88,FF,FF,FF,FF,FF,FF,FF,FF
1A90,FF,FF,FF,FF,FF,FF,FF,FF
1A98,FF,FF,FF,FF,FF,FF,FF,FF
1AA0,FF,FF,FF,FF,FF,FF,FF,FF
1AA8,FF,FF,FF,FF,FF,FF,FF,FF
1AB0,FF,FF,FF,FF,FF,FF,FF,FF
1AB8,FF,FF,FF,FF,FF,FF,FF,FF
1AC0,FF,FF,FF,FF,FF,FF,FF,FF
1AC8,FF,FF,FF,FF,FF,FF,FF,FF
1AD0,FF,FF,FF,FF,FF,FF,FF,FF
1AD8,FF,FF,FF,FF,FF,FF,FF,FF
1AE0,FF,FF,FF,FF,FF,FF,FF,FF
1AE8,FF,FF,FF,FF,FF,FF,FF,FF
1AF0,FF,FF,FF,FF,FF,FF,FF,FF
1AF8,FF,FF,FF,FF,FF,FF,FF,FF
1B00,FF,FF,FF,FF,FF,FF,FF,FF
1B08,FF,FF,FF,FF,FF,FF,FF,FF
1B10,FF,FF,FF,FF,FF,FF,FF,FF
1B18,FF,FF,FF,FF,FF,FF,FF,FF
1B20,FF,FF,FF,FF,FF,FF,FF,FF
1B28,FF,FF,FF,FF,FF,FF,FF,FF
1B30,FF,FF,FF,FF,FF,FF,FF,FF
1B38,FF,FF,FF,FF,FF,FF,FF,FF
1B40,FF,FF,FF,FF,FF,FF,FF,FF
1B48,FF,FF,FF,FF,FF,FF,FF,FF
1B50,FF,FF,FF,FF,FF,FF,FF,FF
1B58,FF,FF,FF,FF,FF,FF,FF,FF
1B60,FF,FF,FF,FF,FF,FF,FF,FF
1B68,FF,FF,FF,FF,FF,FF,FF,FF
1B70,FF,FF,FF,FF,FF,FF,FF,FF
1B78,FF,FF,FF,FF,FF,FF,FF,FF
1B80,FF,FF,FF,FF,FF,FF,FF,FF
1B88,FF,FF,FF,FF,FF,FF,FF,FF
1B90,FF,FF,FF,FF,FF,FF,FF,FF
1B98,FF,FF,FF,FF,FF,FF,FF,FF
1BA0,FF,FF,FF,FF,FF,FF,FF,FF
1BA8,FF,FF,FF,FF,FF,FF,FF,FF
1BB0,FF,FF,FF,FF,FF,FF,FF,FF
1BB8,FF,FF,FF,FF,FF,FF,FF,FF
1BC0,FF,FF,FF,FF,FF,FF,FF,FF
1BC8,FF,FF,FF,FF,FF,FF,FF,FF
1BD0,FF,FF,FF,FF,FF,FF,FF,FF
1BD8,FF,FF,FF,FF,FF,FF,FF,FF
1BE0,FF,FF,FF,FF,FF,FF,FF,FF
1BE8,FF,FF,FF,FF,FF,FF,FF,FF
1BF0,FF,FF,FF,FF,FF,FF,FF,FF
1BF8,FF,FF,FF,FF,FF,FF,FF,FF
1C00,FF,FF,FF,FF,FF,FF,FF,FF
1C08,FF,FF,FF,FF,FF,FF,FF,FF
1C10,FF,FF,FF,FF,FF,FF,FF,FF
1C18,FF,FF,FF,FF,FF,FF,FF,FF
1C20,FF,FF,FF,FF,FF,FF,FF,FF
1C28,FF,FF,FF,FF,FF,FF,FF,FF
1C30,FF,FF,FF,FF,FF,FF,FF,FF
1C38,FF,FF,FF,FF,FF,FF,FF,FF
1C40,FF,FF,FF,FF,FF,FF,FF,FF
1C48,FF,FF,FF,FF,FF,FF,FF,FF
1C50,FF,FF,FF,FF,FF,FF,FF,FF
1C58,FF,FF,FF,FF,FF,FF,FF,FF
1C60,FF,FF,FF,FF,FF,FF,FF,FF
1C68,FF,FF,FF,FF,FF,FF,FF,FF
1C70,FF,FF,FF,FF,FF,FF,FF,FF
1C78,FF,FF,FF,FF,FF,FF,FF,FF
1C80,FF,FF,FF,FF,FF,FF,FF,FF
1C88,FF,FF,FF,FF,FF,FF,FF,FF
1C90,FF,FF,FF,FF,FF,FF,FF,FF
1C98,FF,FF,FF,FF,FF,FF,FF,FF
1CA0,FF,FF,FF,FF,FF,FF,FF,FF
1CA8,FF,FF,FF,FF,FF,FF,FF,FF
1CB0,FF,FF,FF,FF,FF,FF,FF,FF
1CB8,FF,FF,FF,FF,FF,FF,FF,FF
1CC0,FF,FF,FF,FF,FF,FF,FF,FF
1CC8,FF,FF,FF,FF,FF,FF,FF,FF
1CD0,FF,FF,FF,FF,FF,FF,FF,FF
1CD8,FF,FF,FF,FF,FF,FF,FF,FF
1CE0,FF,FF,FF,FF,FF,FF,FF,FF
1CE8,FF,FF,FF,FF,FF,FF,FF,FF
1CF0,FF,FF,FF,FF,FF,FF,FF,FF
1CF8,FF,FF,FF,FF,FF,FF,FF,FF
1D00,FF,FF,FF,FF,FF,FF,FF,FF
1D08,FF,FF,FF,FF,FF,FF,FF,FF
1D10,FF,FF,FF,FF,FF,FF,FF,FF
1D18,FF,FF,FF,FF,FF,FF,FF,FF
1D20,FF,FF,FF,FF,FF,FF,FF,FF
1D28,FF,FF,FF,FF,FF,FF,FF,FF
1D30,FF,FF,FF,FF,FF,FF,FF,FF
1D38,FF,FF,FF,FF,FF,FF,FF,FF
1D40,FF,FF,FF,FF,FF,FF,FF,FF
1D48,FF,FF,FF,FF,FF,FF,FF,FF
1D50,FF,FF,FF,FF,FF,FF,FF,FF
1D58,FF,FF,FF,FF,FF,FF,FF,FF
1D60,FF,FF,FF,FF,FF,FF,FF,FF
1D68,FF,FF,FF,FF,FF,FF,FF,FF
1D70,FF,FF,FF,FF,FF,FF,FF,FF
1D78,FF,FF,FF,FF,FF,FF,FF,FF
1D80,FF,FF,FF,FF,FF,FF,FF,FF
1D88,FF,FF,FF,FF,FF,FF,FF,FF
1D90,FF,FF,FF,FF,FF,FF,FF,FF
1D98,FF,FF,FF,FF,FF,FF,FF,FF
1DA0,FF,FF,FF,FF,FF,FF,FF,FF
1DA8,FF,FF,FF,FF,FF,FF,FF,FF
1DB0,FF,FF,FF,FF,FF,FF,FF,FF
1DB8,FF,FF,FF,FF,FF,FF,FF,FF
1DC0,FF,FF,FF,FF,FF,FF,FF,FF
1DC8,FF,FF,FF,FF,FF,FF,FF,FF
1DD0,FF,FF,FF,FF,FF,FF,FF,FF
1DD8,FF,FF,FF,FF,FF,FF,FF,FF
1DE0,FF,FF,FF,FF,FF,FF,FF,FF
1DE8,FF,FF,FF,FF,FF,FF,FF,FF
1DF0,FF,FF,FF,FF,FF,FF,FF,FF
1DF8,FF,FF,FF,FF,FF,FF,FF,FF
1E00,FF,FF,FF,FF,FF,FF,FF,FF
1E08,FF,FF,FF,FF,FF,FF,FF,FF
1E10,FF,FF,FF,FF,FF,FF,FF,FF
1E18,FF,FF,FF,FF,FF,FF,FF,FF
1E20,FF,FF,FF,FF,FF,FF,FF,FF
1E28,FF,FF,FF,FF,FF,FF,FF,FF
1E30,FF,FF,FF,FF,FF,FF,FF,FF
1E38,FF,FF,FF,FF,FF,FF,FF,FF
1E40,FF,FF,FF,FF,FF,FF,FF,FF
1E48,FF,FF,FF,FF,FF,FF,FF,FF
1E50,FF,FF,FF,FF,FF,FF,FF,FF
1E58,FF,FF,FF,FF,FF,FF,FF,FF
1E60,FF,FF,FF,FF,FF,FF,FF,FF
1E68,FF,FF,FF,FF,FF,FF,FF,FF
1E70,FF,FF,FF,FF,FF,FF,FF,FF
1E78,FF,FF,FF,FF,FF,FF,FF,FF
1E80,FF,FF,FF,FF,FF,FF,FF,FF
1E88,FF,FF,FF,FF,FF,FF,FF,FF
1E90,FF,FF,FF,FF,FF,FF,FF,FF
1E98,FF,FF,FF,FF,FF,FF,FF,FF
1EA0,FF,FF,FF,FF,FF,FF,FF,FF
1EA8,FF,FF,FF,FF,FF,FF,FF,FF
1EB0,FF,FF,FF,FF,FF,FF,FF,FF
1EB8,FF,FF,FF,FF,FF,FF,FF,FF
1EC0,FF,FF,FF,FF,FF,FF,FF,FF
1EC8,FF,FF,FF,FF,FF,FF,FF,FF
1ED0,FF,FF,FF,FF,FF,FF,FF,FF
1ED8,FF,FF,FF,FF,FF,FF,FF,FF
1EE0,FF,FF,FF,FF,FF,FF,FF,FF
1EE8,FF,FF,FF,FF,FF,FF,FF,FF
1EF0,FF,FF,FF,FF,FF,FF,FF,FF
1EF8,FF,FF,FF,FF,FF,FF,FF,FF
1F00,FF,FF,FF,FF,FF,FF,FF,FF
1F08,FF,FF,FF,FF,FF,FF,FF,FF
1F10,FF,FF,FF,FF,FF,FF,FF,FF
1F18,FF,FF,FF,FF,FF,FF,FF,FF
1F20,FF,FF,FF,FF,FF,FF,FF,FF
1F28,FF,FF,FF,FF,FF,FF,FF,FF
1F30,FF,FF,FF,FF,FF,FF,FF,FF
1F38,FF,FF,FF,FF,FF,FF,FF,FF
1F40,FF,FF,FF,FF,FF,FF,FF,FF
1F48,FF,FF,FF,FF,FF,FF,FF,FF
1F50,FF,FF,FF,FF,FF,FF,FF,FF
1F58,FF,FF,FF,FF,FF,FF,FF,FF
1F60,FF,FF,FF,FF,FF,FF,FF,FF
1F68,FF,FF,FF,FF,FF,FF,FF,FF
1F70,FF,FF,FF,FF,FF,FF,FF,FF
1F78,FF,FF,FF,FF,FF,FF,FF,FF
1F80,FF,FF,FF,FF,FF,FF,FF,FF
1F88,FF,FF,FF,FF,FF,FF,FF,FF
1F90,FF,FF,FF,FF,FF,FF,FF,FF
1F98,FF,FF,FF,FF,FF,FF,FF,FF
1FA0,FF,FF,FF,FF,FF,FF,FF,FF
1FA8,FF,FF,FF,FF,FF,FF,FF,FF
1FB0,FF,FF,FF,FF,FF,FF,FF,FF
1FB8,FF,FF,FF,FF,FF,FF,FF,FF
1FC0,FF,FF,FF,FF,FF,FF,FF,FF
1FC8,FF,FF,FF,FF,FF,FF,FF,FF
1FD0,FF,FF,FF,FF,FF,FF,FF,FF
1FD8,FF,FF,FF,FF,FF,FF,FF,FF
1FE0,FF,FF,FF,FF,FF,FF,FF,FF
1FE8,FF,FF,FF,FF,FF,FF,FF,FF
1FF0,FF,FF,FF,FF,FF,FF,FF,FF
1FF8,FF,FF,FF,FF,FF,FF,FF,FF
